{
  "total_uptime_seconds": 128495.18193078041,
  "last_session_start": null,
  "session_count": 25,
  "first_start": 1777783677.3214777
}